{
  "include\\main.hpp": 1775905762.599199,
  "include\\brain\\batterymanager.hpp": 1773214579.0,
  "include\\brain\\globalsv.hpp": 1773214579.0,
  "include\\brain\\klmanager.hpp": 1773214579.0,
  "include\\brain\\movelistexecutor.hpp": 1776271340.2669792,
  "include\\brain\\mpccontroller.hpp": 1775994897.1586044,
  "include\\brain\\robotstatemachine.hpp": 1775905512.704339,
  "include\\drivers\\BNO055.hpp": 1773214579.0,
  "include\\drivers\\serialmonitor.hpp": 1775905477.3845713,
  "include\\drivers\\serialtxbroker.hpp": 1775993122.3339145,
  "include\\drivers\\speedingmotor.hpp": 1775905245.5460384,
  "include\\drivers\\steeringmotor.hpp": 1775905245.5455427,
  "include\\periodics\\alerts.hpp": 1773214579.0,
  "include\\periodics\\blinker.hpp": 1773867928.425807,
  "include\\periodics\\encoder.hpp": 1775925280.96582,
  "include\\periodics\\encoderdistancetest.hpp": 1775905573.3809373,
  "include\\periodics\\imu.hpp": 1775905393.4364727,
  "include\\periodics\\instantconsumption.hpp": 1775905573.3784575,
  "include\\periodics\\powermanager.hpp": 1775905573.3794494,
  "include\\periodics\\resourcemonitor.hpp": 1775905573.3804436,
  "include\\periodics\\statereporter.hpp": 1776273619.336591,
  "include\\periodics\\totalvoltage.hpp": 1775905573.378955,
  "include\\utils\\queue.hpp": 1773214579.0,
  "include\\utils\\task.hpp": 1775901407.4525547,
  "include\\utils\\taskmanager.hpp": 1775901407.453023,
  "newComponent\\newComponent.py": 1773214579.0,
  "source\\main.cpp": 1776273619.3370855,
  "source\\brain\\batterymanager.cpp": 1773583421.886132,
  "source\\brain\\globalsv.cpp": 1773214579.0,
  "source\\brain\\klmanager.cpp": 1775900860.0449195,
  "source\\brain\\movelistexecutor.cpp": 1776279357.8677173,
  "source\\brain\\mpccontroller.cpp": 1775994902.7812219,
  "source\\brain\\robotstatemachine.cpp": 1775905512.7048354,
  "source\\drivers\\bno055.cpp": 1773214579.0,
  "source\\drivers\\serialmonitor.cpp": 1775905489.9617484,
  "source\\drivers\\serialtxbroker.cpp": 1775990887.8484333,
  "source\\drivers\\speedingmotor.cpp": 1775905245.5465343,
  "source\\drivers\\steeringmotor.cpp": 1775905245.5465343,
  "source\\periodics\\alerts.cpp": 1773214579.0,
  "source\\periodics\\blinker.cpp": 1773867928.425807,
  "source\\periodics\\encoder.cpp": 1776273650.414477,
  "source\\periodics\\encoderdistancetest.cpp": 1775905573.3809373,
  "source\\periodics\\imu.cpp": 1776273633.5063243,
  "source\\periodics\\instantconsumption.cpp": 1775905573.378955,
  "source\\periodics\\powermanager.cpp": 1775905573.379948,
  "source\\periodics\\resourcemonitor.cpp": 1775905573.3804436,
  "source\\periodics\\statereporter.cpp": 1776273619.3370855,
  "source\\periodics\\totalvoltage.cpp": 1775905573.3794494,
  "source\\utils\\queue.cpp": 1773214579.0,
  "source\\utils\\task.cpp": 1775901407.453023,
  "source\\utils\\taskmanager.cpp": 1775901407.4535189,
  "AGENTS.md": 1776348122.2292247,
  "CMakeLists.txt": 1775918378.244147,
  "compile.txt": 1773689869.690088,
  "README.md": 1773214579.0,
  "docs\\mpc_controller.md": 1775949608.3870246
}